[{
    "productId":1,
    "productName":"Leaf Rake","price":19.95,
    "starRating":3.2,
    "productCode":118876,
    "releaseDate":"March 19,2016",
    "description":"Leaf rake with 48-inch wooden handle."
    
  },
  {
    "productId":2,
    "productName":"Garden Cart",
    "productCode":237766,
    "releaseDate":"March 18,2016",
    "description":"15 gallon capacity rolling garden cart",
    "price":32.99,
    "starRating":2.2
  },
  {
    "productId":5,
    "productName":"Hammer",
    "productCode":48343,
    "releaseDate":"March 21,2016",
    "description":"Curved claw steel hammer",
    "price":8.9,
    "starRating":4.8
  },
  {
    "productId":8,
    "productName":"Saw",
    "productCode":22554,
    "releaseDate":"March 15,2016",
    "description":"15-inch steel blade hand saw",
    "price":11.5,
    "starRating":1.2
  }
]